source,target
Jordan Bryan,Haibo Zhou
Jordan Bryan,Didong Li
Haibo Zhou,Didong Li
Andrew Jones,F. William Townes
Andrew Jones,Didong Li
Andrew Jones,Barbara E. Engelhardt
F. William Townes,Didong Li
F. William Townes,Barbara E. Engelhardt
Didong Li,Barbara E. Engelhardt
Buxin Su,Jiayao Zhang
Buxin Su,Natalie Collina
Buxin Su,Yuling Yan
Buxin Su,Didong Li
Buxin Su,Kyunghyun Cho
Buxin Su,Jianqing Fan
Buxin Su,Aaron Roth
Buxin Su,Weijie J. Su
Jiayao Zhang,Natalie Collina
Jiayao Zhang,Yuling Yan
Jiayao Zhang,Didong Li
Jiayao Zhang,Kyunghyun Cho
Jiayao Zhang,Jianqing Fan
Jiayao Zhang,Aaron Roth
Jiayao Zhang,Weijie J. Su
Natalie Collina,Yuling Yan
Natalie Collina,Didong Li
Natalie Collina,Kyunghyun Cho
Natalie Collina,Jianqing Fan
Natalie Collina,Aaron Roth
Natalie Collina,Weijie J. Su
Yuling Yan,Didong Li
Yuling Yan,Kyunghyun Cho
Yuling Yan,Jianqing Fan
Yuling Yan,Aaron Roth
Yuling Yan,Weijie J. Su
Didong Li,Kyunghyun Cho
Didong Li,Jianqing Fan
Didong Li,Aaron Roth
Didong Li,Weijie J. Su
Kyunghyun Cho,Jianqing Fan
Kyunghyun Cho,Aaron Roth
Kyunghyun Cho,Weijie J. Su
Jianqing Fan,Aaron Roth
Jianqing Fan,Weijie J. Su
Aaron Roth,Weijie J. Su
Aritra Halder,Didong Li
Aritra Halder,Sudipto Banerjee
Didong Li,Sudipto Banerjee
Eric Zhang,Didong Li
Sam Hawke,Yueen Ma
Sam Hawke,Hengrui Luo
Sam Hawke,Didong Li
Yueen Ma,Hengrui Luo
Yueen Ma,Didong Li
Hengrui Luo,Didong Li
Boyang Zhang,Sarah Nyquist
Boyang Zhang,Andrew Jones
Boyang Zhang,Barbara E. Engelhardt
Boyang Zhang,Didong Li
Boyang Zhang,Boyang Zhang
Sarah Nyquist,Andrew Jones
Sarah Nyquist,Barbara E. Engelhardt
Sarah Nyquist,Didong Li
Sarah Nyquist,Boyang Zhang
Sarah Nyquist,Sarah Nyquist
Andrew Jones,Boyang Zhang
Andrew Jones,Sarah Nyquist
Andrew Jones,Andrew Jones
Barbara E. Engelhardt,Didong Li
Barbara E. Engelhardt,Boyang Zhang
Barbara E. Engelhardt,Sarah Nyquist
Barbara E. Engelhardt,Andrew Jones
Barbara E. Engelhardt,Barbara E. Engelhardt
Didong Li,Boyang Zhang
Didong Li,Sarah Nyquist
Didong Li,Andrew Jones
Didong Li,Didong Li
Emmanuel Chevallier,Didong Li
Emmanuel Chevallier,Yulong Lu
Emmanuel Chevallier,David Dunson
Didong Li,Yulong Lu
Didong Li,David Dunson
Yulong Lu,David Dunson
Tianyu Wang,Yifeng Huang
Tianyu Wang,Didong Li
Yifeng Huang,Didong Li
Wancen Mu,Eric S. Davis
Wancen Mu,Kathleen Reed
Wancen Mu,Douglas Phanstiel
Wancen Mu,Michael I. Love
Wancen Mu,Didong Li
Eric S. Davis,Kathleen Reed
Eric S. Davis,Douglas Phanstiel
Eric S. Davis,Michael I. Love
Eric S. Davis,Didong Li
Kathleen Reed,Douglas Phanstiel
Kathleen Reed,Michael I. Love
Kathleen Reed,Didong Li
Douglas Phanstiel,Michael I. Love
Douglas Phanstiel,Didong Li
Michael I. Love,Didong Li
Wancen Mu,Jiawen Chen
Jiawen Chen,Eric S. Davis
Jiawen Chen,Kathleen Reed
Jiawen Chen,Douglas Phanstiel
Jiawen Chen,Michael I. Love
Jiawen Chen,Didong Li
Didong Li,David B Dunson
Ameer Qaqish,Didong Li
Didong Li,Wenpin Tang
Wenpin Tang,Sudipto Banerjee
Jiawen Chen,Caiwei Xiong
Jiawen Chen,Quan Sun
Jiawen Chen,Geoffery W. Wang
Jiawen Chen,Gaorav P. Gupta
Jiawen Chen,Aritra Halder
Jiawen Chen,Yun Li
Caiwei Xiong,Quan Sun
Caiwei Xiong,Geoffery W. Wang
Caiwei Xiong,Gaorav P. Gupta
Caiwei Xiong,Aritra Halder
Caiwei Xiong,Yun Li
Caiwei Xiong,Didong Li
Quan Sun,Geoffery W. Wang
Quan Sun,Gaorav P. Gupta
Quan Sun,Aritra Halder
Quan Sun,Yun Li
Quan Sun,Didong Li
Geoffery W. Wang,Gaorav P. Gupta
Geoffery W. Wang,Aritra Halder
Geoffery W. Wang,Yun Li
Geoffery W. Wang,Didong Li
Gaorav P. Gupta,Aritra Halder
Gaorav P. Gupta,Yun Li
Gaorav P. Gupta,Didong Li
Aritra Halder,Yun Li
Yun Li,Didong Li
Aishwarya Mandyam,Didong Li
Aishwarya Mandyam,Andrew Jones
Aishwarya Mandyam,Diana Cai
Aishwarya Mandyam,Barbara E. Engelhardt
Didong Li,Diana Cai
Andrew Jones,Diana Cai
Diana Cai,Barbara E. Engelhardt
Yun Jin Park,Didong Li
Andrew Jones,Sudipto Banerjee
Sudipto Banerjee,Barbara E. Engelhardt
Jiawen Chen,Wancen Mu
Wancen Mu,Yun Li
Diana Cai,Didong Li
Didong Li,Sayan Mukherjee
Jiawen Chen,Muqing Zhou
Jiawen Chen,Wenrong Wu
Jiawen Chen,Jinwei Zhang
Muqing Zhou,Wenrong Wu
Muqing Zhou,Jinwei Zhang
Muqing Zhou,Yun Li
Muqing Zhou,Didong Li
Wenrong Wu,Jinwei Zhang
Wenrong Wu,Yun Li
Wenrong Wu,Didong Li
Jinwei Zhang,Yun Li
Jinwei Zhang,Didong Li
Hong Niu,Melissa Troester
Hong Niu,Didong Li
Melissa Troester,Didong Li
Hengrui Luo,Jeremy E. Purvis
Jeremy E. Purvis,Didong Li
Didong Li,Phuc Nguyen
Didong Li,Zhengwu Zhang
Phuc Nguyen,Zhengwu Zhang
Phuc Nguyen,David Dunson
Zhengwu Zhang,David Dunson
